Prediccion,HORA
Prediccion,HORA
Enojo,23:06:05
Prediccion,HORA
Enojo,23:06:47
Enojo,23:06:52
Prediccion,HORA
Enojo,23:08:49
Enojo,23:08:54
Enojo,23:08:59
Enojo,23:09:09
Enojo,23:09:14
Enojo,23:09:24
Sorpresa,23:09:29
Sorpresa,23:09:34
Enojo,23:09:39
Enojo,23:09:44
Sorpresa,23:09:49
Enojo,23:09:54
Enojo,23:09:59
Enojo,23:10:04
Enojo,23:10:09
Enojo,23:10:14
Enojo,23:10:19
Sorpresa,23:10:24
Enojo,23:10:30
Enojo,23:10:35
Enojo,23:10:40
Enojo,23:10:45
Enojo,23:10:50
Enojo,23:11:00
Sorpresa,23:11:05
Enojo,23:11:10
Enojo,23:11:15
Enojo,23:11:20
Enojo,23:11:25
Enojo,23:11:30
Enojo,23:11:35
Enojo,23:11:40
Enojo,23:11:45
Enojo,23:11:50
Enojo,23:12:00
Alegre,23:12:05
Enojo,23:12:10
Enojo,23:12:20
Enojo,23:12:31
Enojo,23:12:41
Enojo,23:12:51
Enojo,23:13:01
Enojo,23:13:11
Enojo,23:13:21
